{"cameraMode":{"drawMode":0,"name":"Shaded","section":"Shading Mode"},"sceneLighting":true,"audioPlay":false,"sceneViewState":{"showFog":true,"showMaterialUpdate":false,"showSkybox":true,"showFlares":true,"showImageEffects":true,"showParticleSystems":true},"in2DMode":false,"pivot":{"x":-1.4662752151489258,"y":11.448765754699707,"z":-2.4652862548828127},"rotation":{"x":0.004624915774911642,"y":0.9943622946739197,"z":0.048952579498291019,"w":-0.09394638240337372},"size":226.27944946289063,"orthographic":true}