{"cameraMode":{"drawMode":0,"name":"Shaded","section":"Shading Mode"},"sceneLighting":true,"audioPlay":false,"sceneViewState":{"showFog":true,"showMaterialUpdate":false,"showSkybox":true,"showFlares":true,"showImageEffects":true,"showParticleSystems":true},"in2DMode":false,"pivot":{"x":10.392233848571778,"y":-21.747459411621095,"z":-10.78125},"rotation":{"x":-0.027814170345664026,"y":-0.7059223651885986,"z":0.02776402235031128,"w":-0.7071981430053711},"size":41.244911193847659,"orthographic":true}