{"cameraMode":{"drawMode":0,"name":"Shaded","section":"Shading Mode"},"sceneLighting":true,"audioPlay":false,"sceneViewState":{"showFog":true,"showMaterialUpdate":false,"showSkybox":true,"showFlares":true,"showImageEffects":true,"showParticleSystems":true},"in2DMode":false,"pivot":{"x":-17.317398071289064,"y":-12.694204330444336,"z":-1.945343017578125},"rotation":{"x":-0.07068688422441483,"y":0.04247747361660004,"z":-0.0030130119994282724,"w":-0.996589183807373},"size":49.63594436645508,"orthographic":false}